item_base,item_add,support,confidence,lift
pasta,shrimp,0.005065991201173177,0.3220338983050847,4.506672147735896
herb & pepper,ground beef,0.015997866951073192,0.32345013477088946,3.291993841134928
tomato sauce,ground beef,0.005332622317024397,0.37735849056603776,3.8406594813240833
mushroom cream sauce,escalope,0.005732568990801226,0.3006993006993007,3.790832696715049
whole wheat pasta,olive oil,0.007998933475536596,0.27149321266968324,4.1224100976422955
pasta,escalope,0.005865884548726837,0.3728813559322034,4.700811850163794
